timestamp,activity,generated_on
2024-01-04T14:54:07+00:00,automated historical backfill,2026-10-01
2024-01-05T12:52:21+00:00,automated historical backfill,2026-10-01
2024-01-08T15:04:02+00:00,automated historical backfill,2026-10-01
2024-01-19T11:48:31+00:00,automated historical backfill,2026-10-01
2024-01-28T09:00:03+00:00,automated historical backfill,2026-10-01
2024-01-28T12:08:33+00:00,automated historical backfill,2026-10-01
2024-01-28T17:53:58+00:00,automated historical backfill,2026-10-01
2024-02-05T11:18:48+00:00,automated historical backfill,2026-10-01
2024-02-05T11:20:08+00:00,automated historical backfill,2026-10-01
2024-02-05T16:38:16+00:00,automated historical backfill,2026-10-01
2024-02-07T10:33:18+00:00,automated historical backfill,2026-10-01
2024-02-07T18:58:04+00:00,automated historical backfill,2026-10-01
2024-03-04T18:28:11+00:00,automated historical backfill,2026-10-01
2024-03-11T13:04:31+00:00,automated historical backfill,2026-10-01
2024-03-14T13:25:33+00:00,automated historical backfill,2026-10-01
2024-03-23T09:56:04+00:00,automated historical backfill,2026-10-01
2024-03-29T10:02:44+00:00,automated historical backfill,2026-10-01
2024-03-29T13:57:41+00:00,automated historical backfill,2026-10-01
2024-04-12T08:57:17+00:00,automated historical backfill,2026-10-01
2024-04-18T14:22:38+00:00,automated historical backfill,2026-10-01
2024-04-23T09:12:00+00:00,automated historical backfill,2026-10-01
2024-04-23T11:24:16+00:00,automated historical backfill,2026-10-01
2024-04-23T13:06:12+00:00,automated historical backfill,2026-10-01
2024-04-23T16:27:33+00:00,automated historical backfill,2026-10-01
2024-04-23T20:59:51+00:00,automated historical backfill,2026-10-01
2024-05-01T15:11:35+00:00,automated historical backfill,2026-10-01
2024-05-05T10:42:14+00:00,automated historical backfill,2026-10-01
2024-05-05T12:06:50+00:00,automated historical backfill,2026-10-01
2024-05-05T16:08:33+00:00,automated historical backfill,2026-10-01
2024-05-08T14:14:47+00:00,automated historical backfill,2026-10-01
2024-05-08T17:06:01+00:00,automated historical backfill,2026-10-01
2024-05-08T17:06:31+00:00,automated historical backfill,2026-10-01
2024-05-08T18:32:32+00:00,automated historical backfill,2026-10-01
2024-05-14T08:56:07+00:00,automated historical backfill,2026-10-01
2024-05-14T19:05:04+00:00,automated historical backfill,2026-10-01
2024-05-21T19:02:17+00:00,automated historical backfill,2026-10-01
2024-05-21T20:35:17+00:00,automated historical backfill,2026-10-01
2024-05-25T09:55:33+00:00,automated historical backfill,2026-10-01
2024-05-25T14:46:54+00:00,automated historical backfill,2026-10-01
2024-05-28T08:34:09+00:00,automated historical backfill,2026-10-01
2024-05-28T18:36:22+00:00,automated historical backfill,2026-10-01
2024-05-31T17:51:12+00:00,automated historical backfill,2026-10-01
2024-05-31T20:26:20+00:00,automated historical backfill,2026-10-01
2024-06-05T13:26:19+00:00,automated historical backfill,2026-10-01
2024-06-05T13:48:22+00:00,automated historical backfill,2026-10-01
2024-06-05T20:25:04+00:00,automated historical backfill,2026-10-01
2024-06-14T13:04:38+00:00,automated historical backfill,2026-10-01
2024-06-14T20:13:08+00:00,automated historical backfill,2026-10-01
2024-07-01T09:08:18+00:00,automated historical backfill,2026-10-01
2024-07-01T09:39:12+00:00,automated historical backfill,2026-10-01
2024-07-01T20:50:06+00:00,automated historical backfill,2026-10-01
2024-07-11T08:03:17+00:00,automated historical backfill,2026-10-01
2024-07-11T13:23:46+00:00,automated historical backfill,2026-10-01
2024-07-18T16:40:51+00:00,automated historical backfill,2026-10-01
2024-07-18T17:02:18+00:00,automated historical backfill,2026-10-01
2024-07-18T19:32:04+00:00,automated historical backfill,2026-10-01
2024-08-06T08:33:35+00:00,automated historical backfill,2026-10-01
2024-08-06T09:30:14+00:00,automated historical backfill,2026-10-01
2024-08-06T18:22:02+00:00,automated historical backfill,2026-10-01
2024-08-12T12:54:14+00:00,automated historical backfill,2026-10-01
2024-08-12T15:38:10+00:00,automated historical backfill,2026-10-01
2024-08-12T18:29:58+00:00,automated historical backfill,2026-10-01
2024-08-12T19:01:30+00:00,automated historical backfill,2026-10-01
2024-08-12T19:03:36+00:00,automated historical backfill,2026-10-01
2024-08-13T08:22:44+00:00,automated historical backfill,2026-10-01
2024-08-14T13:03:17+00:00,automated historical backfill,2026-10-01
2024-08-29T13:15:50+00:00,automated historical backfill,2026-10-01
2024-09-09T10:49:44+00:00,automated historical backfill,2026-10-01
2024-09-19T17:20:08+00:00,automated historical backfill,2026-10-01
2024-09-26T10:20:05+00:00,automated historical backfill,2026-10-01
2024-10-10T09:20:24+00:00,automated historical backfill,2026-10-01
2024-10-10T09:49:02+00:00,automated historical backfill,2026-10-01
2024-10-10T14:42:44+00:00,automated historical backfill,2026-10-01
2024-10-10T15:46:20+00:00,automated historical backfill,2026-10-01
2024-10-15T20:41:36+00:00,automated historical backfill,2026-10-01
2024-10-18T09:37:19+00:00,automated historical backfill,2026-10-01
2024-10-18T14:15:29+00:00,automated historical backfill,2026-10-01
2024-10-18T16:36:05+00:00,automated historical backfill,2026-10-01
2024-10-28T09:25:20+00:00,automated historical backfill,2026-10-01
2024-10-28T14:28:55+00:00,automated historical backfill,2026-10-01
2024-10-28T15:24:31+00:00,automated historical backfill,2026-10-01
2024-10-28T19:40:19+00:00,automated historical backfill,2026-10-01
2024-10-30T08:43:17+00:00,automated historical backfill,2026-10-01
2024-11-10T17:01:10+00:00,automated historical backfill,2026-10-01
2024-11-10T17:42:53+00:00,automated historical backfill,2026-10-01
2024-11-13T12:01:29+00:00,automated historical backfill,2026-10-01
2024-11-13T14:29:10+00:00,automated historical backfill,2026-10-01
